anhu01 = Anna Hunecke <anhu01@dfki.de>
ankl01 = Annette Klepp <ankl01@dfki.de>
bero01 = bero01 <bero01@dfki.de>
fabio.tesser = Fabio Tesser <fabio.tesser@pd.istc.cnr.it>
hunecke = Anna Hunecke <anhu01@dfki.de>
ingmar.steiner = Ingmar Steiner <ingmar.steiner@inria.fr>
juan_montero = <unknown>
makw01 = makw01 <makw01@dfki.de>
marcela_charfuelan = Marcela Charfuelan <Marcela.Charfuelan@dfki.de>
masc01 = Marc Schroeder <schroed@dfki.de>
mawi03 = Mat Wilson <mawi01@dfki.de>
nshmyrev = Nickolay V. Shmyrev <nshmyrev@nexiwave.com>
oytun_turk = Oytun Turk <oytun_turk@dfki.de>
paulo.faria = Paulo Faria <unknown>
sach01 = Sathish Chandra Pammi <sach01@dfki.de>
sakr01 = Sacha Krstulovic <sakr01@dfki.de>
schroed = Marc Schroeder <schroed@dfki.de>
